id,season,year,holiday,weekday,workingday,weather,temp,feel_temp,hum,windspeed,promotion_level,promotion_type,promotion_level_external,promotion_type_external,casual,registered,cnt
12765,winter,2016,0,6,0,cloud,0.344167,0.363625,0.805833,0.160446,7,1,2,2,226,654,880
12766,winter,2016,0,0,0,cloud,0.363478,0.353739,0.696087,0.248539,8,1,8,1,125,670,795
12767,winter,2016,0,1,1,fair,0.196364,0.189405,0.437273,0.248309,3,1,10,2,75,1229,1304
12768,winter,2016,0,2,1,fair,0.2,0.212122,0.590435,0.160296,0,1,8,3,67,1454,1521
12769,winter,2016,0,3,1,fair,0.226957,0.22927,0.436957,0.1869,2,0,5,1,58,1518,1576
12770,winter,2016,0,4,1,fair,0.204348,0.233209,0.518261,0.0895652,0,0,10,3,63,1518,1581
12771,winter,2016,0,5,1,cloud,0.196522,0.208839,0.498696,0.168726,4,1,3,3,88,1362,1450
12772,winter,2016,0,6,0,cloud,0.165,0.162254,0.535833,0.266804,6,1,9,1,78,891,969
12773,winter,2016,0,0,0,fair,0.138333,0.116175,0.434167,0.36195,5,1,8,0,70,768,838
12774,winter,2016,0,1,1,fair,0.150833,0.150888,0.482917,0.223267,4,0,2,2,30,1280,1310
12775,winter,2016,0,2,1,cloud,0.169091,0.191464,0.686364,0.122132,7,0,3,2,24,1220,1244
12776,winter,2016,0,3,1,fair,0.172727,0.160473,0.599545,0.304627,5,0,10,1,13,1137,1150
12777,winter,2016,0,4,1,fair,0.165,0.150883,0.470417,0.301,5,1,7,1,23,1368,1391
12778,winter,2016,0,5,1,fair,0.16087,0.188413,0.537826,0.126548,7,1,6,3,44,1367,1411
12779,winter,2016,0,6,0,cloud,0.233333,0.248112,0.49875,0.157963,4,0,1,0,169,1026,1195
12780,winter,2016,0,0,0,fair,0.231667,0.234217,0.48375,0.188433,6,0,2,2,184,953,1137
12781,winter,2016,1,1,0,cloud,0.175833,0.176771,0.5375,0.194017,8,0,8,1,97,883,980
12782,winter,2016,0,2,1,cloud,0.216667,0.232333,0.861667,0.146775,3,1,10,2,9,674,683
12783,winter,2016,0,3,1,cloud,0.292174,0.298422,0.741739,0.208317,4,1,7,2,48,1572,1620
12784,winter,2016,0,4,1,cloud,0.261667,0.25505,0.538333,0.195904,3,1,8,1,55,1844,1899
12785,winter,2016,0,5,1,fair,0.1775,0.157833,0.457083,0.353242,4,1,1,2,46,1468,1514
12786,winter,2016,0,6,0,fair,0.0591304,0.0790696,0.4,0.17197,7,0,1,0,93,888,981
12787,winter,2016,0,0,0,fair,0.0965217,0.0988391,0.436522,0.2466,4,0,6,3,118,836,954
12788,winter,2016,0,1,1,fair,0.0973913,0.11793,0.491739,0.15833,7,0,5,3,49,1330,1379
12789,winter,2016,0,2,1,cloud,0.223478,0.234526,0.616957,0.129796,4,1,7,0,106,1799,1905
12790,winter,2016,0,3,1,rain,0.2175,0.2036,0.8625,0.29385,1,1,3,2,0,472,472
12791,winter,2016,0,4,1,fair,0.195,0.2197,0.6875,0.113837,4,1,8,0,22,416,438
12792,winter,2016,0,5,1,cloud,0.203478,0.223317,0.793043,0.1233,2,0,3,2,31,1129,1160
12793,winter,2016,0,6,0,fair,0.196522,0.212126,0.651739,0.145365,5,0,9,3,116,975,1091
12794,winter,2016,0,0,0,fair,0.216522,0.250322,0.722174,0.0739826,5,0,6,1,130,956,1086
12795,winter,2016,0,1,1,cloud,0.180833,0.18625,0.60375,0.187192,1,0,5,0,31,1459,1490
12796,winter,2016,0,2,1,cloud,0.192174,0.23453,0.829565,0.053213,4,0,2,0,32,1313,1345
12797,winter,2016,0,3,1,cloud,0.26,0.254417,0.775417,0.264308,3,1,6,0,40,1454,1494
12798,winter,2016,0,4,1,fair,0.186957,0.177878,0.437826,0.277752,2,1,8,0,41,1489,1530
12799,winter,2016,0,5,1,cloud,0.211304,0.228587,0.585217,0.127839,4,0,10,2,61,1620,1681
12800,winter,2016,0,6,0,cloud,0.233333,0.243058,0.929167,0.161079,3,1,7,2,98,905,1003
12801,winter,2016,0,0,0,fair,0.285833,0.291671,0.568333,0.1418,3,1,10,3,243,1269,1512
12802,winter,2016,0,1,1,fair,0.271667,0.303658,0.738333,0.0454083,2,0,4,1,89,1592,1681
12803,winter,2016,0,2,1,fair,0.220833,0.198246,0.537917,0.36195,7,0,10,2,35,1466,1501
12804,winter,2016,0,3,1,cloud,0.134783,0.144283,0.494783,0.188839,5,0,6,0,28,1552,1580
12805,winter,2016,0,4,1,fair,0.144348,0.149548,0.437391,0.221935,8,0,2,3,27,1491,1518
12806,winter,2016,0,5,1,fair,0.189091,0.213509,0.506364,0.10855,7,1,3,2,97,1597,1694
12807,winter,2016,0,6,0,fair,0.2225,0.232954,0.544167,0.203367,5,1,2,0,203,1184,1387
12808,winter,2016,0,0,0,fair,0.316522,0.324113,0.457391,0.260883,2,1,9,0,266,1192,1458
12809,winter,2016,0,1,1,fair,0.415,0.39835,0.375833,0.417908,5,0,7,0,133,1705,1838
12810,winter,2016,0,2,1,fair,0.266087,0.254274,0.314348,0.291374,5,1,4,1,88,1675,1763
12811,winter,2016,0,3,1,fair,0.318261,0.3162,0.423478,0.251791,4,0,9,3,129,1897,2026
12812,winter,2016,0,4,1,fair,0.435833,0.428658,0.505,0.230104,1,0,1,2,163,2216,2379
12813,winter,2016,0,5,1,fair,0.521667,0.511983,0.516667,0.264925,6,1,1,0,338,2348,2686
12814,winter,2016,0,6,0,fair,0.399167,0.391404,0.187917,0.507463,3,1,4,0,334,1103,1437
12815,winter,2016,0,0,0,fair,0.285217,0.27733,0.407826,0.223235,3,1,3,2,384,1173,1557
12816,winter,2016,1,1,0,cloud,0.303333,0.284075,0.605,0.307846,5,1,5,0,143,912,1055
12817,winter,2016,0,2,1,fair,0.182222,0.186033,0.577778,0.195683,4,1,7,1,47,1376,1423
12818,winter,2016,0,3,1,fair,0.221739,0.245717,0.423043,0.094113,6,0,10,1,91,1778,1869
12819,winter,2016,0,4,1,cloud,0.295652,0.289191,0.697391,0.250496,1,1,1,0,61,1707,1768
12820,winter,2016,0,5,1,cloud,0.364348,0.350461,0.712174,0.346539,4,1,10,3,76,1341,1417
12821,winter,2016,0,6,0,fair,0.2825,0.282192,0.537917,0.186571,7,1,3,1,277,1545,1822
12822,winter,2016,0,0,0,fair,0.343478,0.351109,0.68,0.125248,5,1,3,3,416,1708,2124
12823,winter,2016,0,1,1,cloud,0.407273,0.400118,0.876364,0.289686,5,1,4,0,60,1365,1425
12824,spring,2016,0,2,1,fair,0.266667,0.263879,0.535,0.216425,3,1,8,3,103,1714,1817
12825,spring,2016,0,3,1,fair,0.335,0.320071,0.449583,0.307833,4,0,2,1,153,1903,2056
12826,spring,2016,0,4,1,fair,0.198333,0.200133,0.318333,0.225754,8,1,6,0,94,1562,1656
12827,spring,2016,0,5,1,cloud,0.261667,0.255679,0.610417,0.203346,4,1,6,1,143,1730,1873
12828,spring,2016,0,6,0,cloud,0.384167,0.378779,0.789167,0.251871,3,1,2,3,397,1437,1834
12829,spring,2016,0,0,0,cloud,0.376522,0.366252,0.948261,0.343287,4,0,9,3,123,491,614
12830,spring,2016,0,1,1,fair,0.261739,0.238461,0.551304,0.341352,3,0,6,2,153,1628,1781
12831,spring,2016,0,2,1,fair,0.2925,0.3024,0.420833,0.12065,4,0,5,0,205,1817,2022
12832,spring,2016,0,3,1,cloud,0.295833,0.286608,0.775417,0.22015,3,1,4,1,122,1700,1822
12833,spring,2016,0,4,1,rain,0.389091,0.385668,0,0.261877,5,1,4,3,59,577,636
12834,spring,2016,0,5,1,cloud,0.316522,0.305,0.649565,0.23297,5,1,7,2,161,1730,1891
12835,spring,2016,0,6,0,fair,0.329167,0.32575,0.594583,0.220775,5,1,3,2,445,1408,1853
12836,spring,2016,0,0,0,fair,0.384348,0.380091,0.527391,0.270604,6,1,8,3,576,1435,2011
12837,spring,2016,0,1,1,fair,0.325217,0.332,0.496957,0.136926,3,1,2,0,232,1687,1919
12838,spring,2016,0,2,1,cloud,0.317391,0.318178,0.655652,0.184309,3,1,8,3,178,1767,1945
12839,spring,2016,0,3,1,cloud,0.365217,0.36693,0.776522,0.203117,5,1,10,0,196,1871,2067
12840,spring,2016,0,4,1,fair,0.415,0.410333,0.602917,0.209579,1,1,1,3,260,2320,2580
12841,spring,2016,0,5,1,fair,0.54,0.527009,0.525217,0.231017,6,0,10,3,508,2355,2863
12842,spring,2016,0,6,0,fair,0.4725,0.466525,0.379167,0.368167,1,0,8,0,809,1693,2502
12843,spring,2016,0,0,0,fair,0.3325,0.32575,0.47375,0.207721,4,0,9,1,611,1424,2035
12844,spring,2016,0,1,1,cloud,0.430435,0.409735,0.737391,0.288783,3,0,8,2,242,1676,1918
12845,spring,2016,0,2,1,fair,0.441667,0.440642,0.624583,0.22575,2,0,10,2,280,2243,2523
12846,spring,2016,0,3,1,cloud,0.346957,0.337939,0.839565,0.234261,8,1,5,2,128,1918,2046
12847,spring,2016,0,4,1,cloud,0.285,0.270833,0.805833,0.243787,5,1,7,1,107,1699,1806
12848,spring,2016,0,5,1,fair,0.264167,0.256312,0.495,0.230725,7,0,8,3,189,1910,2099
12849,spring,2016,0,6,0,fair,0.265833,0.257571,0.394167,0.209571,5,0,4,3,571,1515,2086
12850,spring,2016,0,0,0,cloud,0.253043,0.250339,0.493913,0.1843,6,0,1,1,309,1221,1530
12851,spring,2016,0,1,1,fair,0.264348,0.257574,0.302174,0.212204,2,0,10,3,154,1806,1960
12852,spring,2016,0,2,1,fair,0.3025,0.292908,0.314167,0.226996,4,1,8,0,203,2108,2311
12853,spring,2016,0,3,1,cloud,0.3,0.29735,0.646667,0.172888,4,0,10,3,114,1368,1482
12854,spring,2016,0,4,1,rain,0.268333,0.257575,0.918333,0.217646,5,1,5,1,98,1506,1604
12855,spring,2016,0,5,1,cloud,0.3,0.283454,0.68625,0.258708,5,1,2,1,188,1920,2108
12856,spring,2016,0,6,0,cloud,0.315,0.315637,0.65375,0.197146,5,0,5,1,526,1354,1880
12857,spring,2016,0,0,0,fair,0.378333,0.378767,0.48,0.182213,2,0,4,0,920,1598,2518
12858,spring,2016,0,1,1,fair,0.573333,0.542929,0.42625,0.385571,2,0,8,1,430,2381,2811
12859,spring,2016,0,2,1,cloud,0.414167,0.39835,0.642083,0.388067,6,0,7,0,116,1628,1744
12860,spring,2016,0,3,1,fair,0.390833,0.387608,0.470833,0.263063,3,0,6,0,253,2395,2648
12861,spring,2016,0,4,1,fair,0.4375,0.433696,0.602917,0.162312,4,0,7,0,340,2570,2910
12862,spring,2016,0,5,1,cloud,0.335833,0.324479,0.83625,0.226992,3,0,10,0,124,1299,1423
12863,spring,2016,0,6,0,cloud,0.3425,0.341529,0.8775,0.133083,5,0,5,1,518,1576,2094
12864,spring,2016,0,0,0,cloud,0.426667,0.426737,0.8575,0.146767,6,1,9,1,680,1707,2387
12865,spring,2016,0,1,1,cloud,0.595652,0.565217,0.716956,0.324474,4,0,6,3,482,2493,2975
12866,spring,2016,0,2,1,cloud,0.5025,0.493054,0.739167,0.274879,1,0,3,3,173,1777,1950
12867,spring,2016,0,3,1,cloud,0.4125,0.417283,0.819167,0.250617,4,0,10,2,139,1953,2092
12868,spring,2016,0,4,1,fair,0.4675,0.462742,0.540417,0.1107,4,1,1,3,324,2738,3062
12869,spring,2016,1,5,0,fair,0.446667,0.441913,0.67125,0.226375,4,0,3,1,408,2484,2892
12870,spring,2016,0,6,0,rain,0.430833,0.425492,0.888333,0.340808,5,1,7,1,124,674,798
12871,spring,2016,0,0,0,fair,0.456667,0.445696,0.479583,0.303496,4,0,1,3,870,2186,3056
12872,spring,2016,0,1,1,fair,0.5125,0.503146,0.5425,0.163567,1,1,3,1,403,2760,3163
12873,spring,2016,0,2,1,cloud,0.505833,0.489258,0.665833,0.157971,3,1,4,1,259,2795,3054
12874,spring,2016,0,3,1,fair,0.595,0.564392,0.614167,0.241925,4,1,2,3,368,3331,3699
12875,spring,2016,0,4,1,fair,0.459167,0.453892,0.407083,0.325258,2,0,10,2,423,3444,3867
12876,spring,2016,0,5,1,cloud,0.336667,0.321954,0.729583,0.219521,6,0,5,1,127,1506,1633
12877,spring,2016,0,6,0,cloud,0.46,0.450121,0.887917,0.230725,6,1,9,3,814,2574,3388
12878,spring,2016,0,0,0,cloud,0.581667,0.551763,0.810833,0.192175,7,1,3,1,954,2481,3435
12879,spring,2016,0,1,1,fair,0.606667,0.5745,0.776667,0.185333,5,0,2,1,456,3300,3756
12880,spring,2016,0,2,1,fair,0.631667,0.594083,0.729167,0.3265,3,0,8,1,401,3722,4123
12881,spring,2016,0,3,1,cloud,0.62,0.575142,0.835417,0.3122,5,1,9,1,325,3325,3650
12882,spring,2016,0,4,1,cloud,0.6175,0.578929,0.700833,0.320908,5,1,8,0,340,3489,3829
12883,spring,2016,0,5,1,fair,0.51,0.497463,0.457083,0.240063,5,1,8,0,507,3717,4224
12884,spring,2016,0,6,0,fair,0.4725,0.464021,0.503333,0.235075,5,1,1,1,1082,3347,4429
12885,spring,2016,0,0,0,cloud,0.451667,0.448204,0.762083,0.106354,5,0,3,2,660,2213,2873
12886,spring,2016,0,1,1,cloud,0.549167,0.532833,0.73,0.183454,6,1,6,2,482,3554,4036
12887,spring,2016,0,2,1,cloud,0.616667,0.582079,0.697083,0.342667,3,0,3,2,355,3848,4203
12888,spring,2016,0,3,1,cloud,0.414167,0.40465,0.737083,0.328996,1,0,5,3,159,2378,2537
12889,spring,2016,0,4,1,fair,0.459167,0.441917,0.444167,0.295392,6,1,3,2,357,3819,4176
12890,spring,2016,0,5,1,fair,0.479167,0.474117,0.59,0.228246,4,0,1,0,509,3714,4223
12891,spring,2016,0,6,0,fair,0.52,0.512621,0.54125,0.16045,5,1,1,1,914,3102,4016
12892,spring,2016,0,0,0,fair,0.528333,0.518933,0.631667,0.0746375,7,1,5,3,809,2932,3741
12893,spring,2016,0,1,1,fair,0.5325,0.525246,0.58875,0.176,5,0,3,0,400,3698,4098
12894,spring,2016,0,2,1,fair,0.5325,0.522721,0.489167,0.115671,5,0,5,2,414,4109,4523
12895,spring,2016,0,3,1,fair,0.5425,0.5284,0.632917,0.120642,3,0,4,3,338,3632,3970
12896,spring,2016,0,4,1,fair,0.535,0.523363,0.7475,0.189667,2,0,9,1,407,4169,4576
12897,spring,2016,0,5,1,cloud,0.5125,0.4943,0.863333,0.179725,5,0,9,0,403,3413,3816
12898,spring,2016,0,6,0,cloud,0.520833,0.500629,0.9225,0.13495,2,0,4,3,545,2507,3052
12899,spring,2016,0,0,0,cloud,0.5625,0.536,0.867083,0.152979,5,1,3,0,891,2971,3862
12900,spring,2016,0,1,1,fair,0.5775,0.550512,0.787917,0.126871,5,1,9,0,458,3185,3643
12901,spring,2016,0,2,1,cloud,0.561667,0.538529,0.837917,0.277354,3,1,9,2,388,3445,3833
12902,spring,2016,0,3,1,cloud,0.55,0.527158,0.87,0.201492,6,0,2,2,316,3319,3635
12903,spring,2016,0,4,1,cloud,0.530833,0.510742,0.829583,0.108213,1,0,4,0,425,3840,4265
12904,spring,2016,0,5,1,fair,0.536667,0.529042,0.719583,0.125013,8,0,8,1,524,4008,4532
12905,spring,2016,0,6,0,fair,0.6025,0.571975,0.626667,0.12065,4,0,8,2,1245,3547,4792
12906,spring,2016,0,0,0,fair,0.604167,0.5745,0.749583,0.148008,4,0,5,2,899,3084,3983
12907,spring,2016,0,1,1,cloud,0.631667,0.590296,0.81,0.233842,0,0,6,1,483,3438,3921
12908,spring,2016,0,2,1,cloud,0.66,0.604813,0.740833,0.207092,7,1,5,2,393,3833,4226
12909,spring,2016,0,3,1,fair,0.660833,0.615542,0.69625,0.154233,7,0,3,0,443,4238,4681
12910,spring,2016,0,4,1,fair,0.708333,0.654688,0.6775,0.199642,5,0,5,0,457,3919,4376
12911,spring,2016,0,5,1,fair,0.681667,0.637008,0.65375,0.240679,7,0,4,3,512,3808,4320
12912,spring,2016,0,6,0,fair,0.655833,0.612379,0.729583,0.230092,2,1,2,1,1115,2757,3872
12913,spring,2016,0,0,0,fair,0.6675,0.61555,0.81875,0.213938,6,0,6,2,1288,2433,3721
12914,spring,2016,1,1,0,fair,0.733333,0.671092,0.685,0.131225,4,0,8,2,892,2549,3441
12915,spring,2016,0,2,1,fair,0.775,0.725383,0.636667,0.111329,4,1,2,1,427,3309,3736
12916,summer,2016,0,3,1,cloud,0.764167,0.720967,0.677083,0.207092,7,0,6,3,319,3461,3780
12917,summer,2016,0,4,1,fair,0.715,0.643942,0.305,0.292287,6,0,3,1,437,4232,4669
12918,summer,2016,0,5,1,fair,0.62,0.587133,0.354167,0.253121,2,1,10,1,519,4414,4933
12919,summer,2016,0,6,0,fair,0.635,0.594696,0.45625,0.123142,4,1,1,1,1048,3473,4521
12920,summer,2016,0,0,0,cloud,0.648333,0.616804,0.6525,0.138692,7,1,3,2,944,3221,4165
12921,summer,2016,0,1,1,fair,0.678333,0.621858,0.6,0.121896,3,0,9,1,411,3875,4286
12922,summer,2016,0,2,1,fair,0.7075,0.65595,0.597917,0.187808,4,1,9,2,451,4070,4521
12923,summer,2016,0,3,1,fair,0.775833,0.727279,0.622083,0.136817,1,1,3,0,418,3725,4143
12924,summer,2016,0,4,1,cloud,0.808333,0.757579,0.568333,0.149883,7,0,3,0,358,3352,3710
12925,summer,2016,0,5,1,fair,0.755,0.703292,0.605,0.140554,4,0,8,3,489,3771,4260
12926,summer,2016,0,6,0,fair,0.725,0.678038,0.654583,0.15485,7,1,1,1,980,3237,4217
12927,summer,2016,0,0,0,fair,0.6925,0.643325,0.747917,0.163567,5,0,3,2,841,2993,3834
12928,summer,2016,0,1,1,fair,0.635,0.601654,0.494583,0.30535,4,0,3,3,491,4157,4648
12929,summer,2016,0,2,1,fair,0.604167,0.591546,0.507083,0.269283,2,1,10,2,420,4164,4584
12930,summer,2016,0,3,1,fair,0.626667,0.587754,0.471667,0.167912,7,1,7,1,448,4411,4859
12931,summer,2016,0,4,1,cloud,0.628333,0.595346,0.688333,0.206471,6,1,5,1,325,3222,3547
12932,summer,2016,0,5,1,fair,0.649167,0.600383,0.735833,0.143029,5,1,2,2,500,3981,4481
12933,summer,2016,0,6,0,fair,0.696667,0.643954,0.670417,0.119408,5,0,9,3,1017,3312,4329
12934,summer,2016,0,0,0,cloud,0.699167,0.645846,0.666667,0.102,4,0,3,0,930,3105,4035
12935,summer,2016,0,1,1,cloud,0.635,0.595346,0.74625,0.155475,4,0,1,3,407,3311,3718
12936,summer,2016,0,2,1,cloud,0.680833,0.637646,0.770417,0.171025,5,0,8,1,445,4061,4506
12937,summer,2016,0,3,1,fair,0.733333,0.693829,0.7075,0.172262,4,1,5,2,399,3846,4245
12938,summer,2016,0,4,1,cloud,0.728333,0.693833,0.703333,0.238804,7,1,6,2,432,4044,4476
12939,summer,2016,0,5,1,fair,0.724167,0.656583,0.573333,0.222025,5,0,2,0,561,4022,4583
12940,summer,2016,0,6,0,fair,0.695,0.643313,0.483333,0.209571,2,0,7,0,1007,3420,4427
12941,summer,2016,0,0,0,fair,0.68,0.637629,0.513333,0.0945333,5,1,4,1,1077,3385,4462
12942,summer,2016,0,1,1,cloud,0.6825,0.637004,0.658333,0.107588,1,1,4,0,498,3854,4352
12943,summer,2016,0,2,1,fair,0.744167,0.692558,0.634167,0.144283,3,0,6,0,442,3916,4358
12944,summer,2016,0,3,1,fair,0.728333,0.654688,0.497917,0.261821,6,1,6,1,492,4377,4869
12945,summer,2016,0,4,1,fair,0.696667,0.637008,0.434167,0.185312,4,0,1,0,586,4488,5074
12946,summer,2016,0,5,1,fair,0.7225,0.652162,0.39625,0.102608,7,0,9,0,710,4116,4826
12947,summer,2016,0,6,0,fair,0.738333,0.667308,0.444583,0.115062,0,0,1,1,1228,2915,4143
12948,summer,2016,0,0,0,cloud,0.716667,0.668575,0.6825,0.228858,6,1,1,0,1245,2367,3612
12949,summer,2016,1,1,0,cloud,0.726667,0.665417,0.637917,0.0814792,0,1,4,2,1639,2978,4617
12950,summer,2016,0,2,1,fair,0.746667,0.696338,0.590417,0.126258,4,1,9,1,593,3634,4227
12951,summer,2016,0,3,1,fair,0.72,0.685633,0.743333,0.149883,7,0,9,0,461,3845,4306
12952,summer,2016,0,4,1,fair,0.75,0.686871,0.65125,0.1592,7,1,7,1,450,3838,4288
12953,summer,2016,0,5,1,cloud,0.709167,0.670483,0.757917,0.225129,5,1,10,3,410,3348,3758
12954,summer,2016,0,6,0,fair,0.733333,0.664158,0.609167,0.167912,3,0,9,2,1111,3348,4459
12955,summer,2016,0,0,0,fair,0.7475,0.690025,0.578333,0.183471,4,0,10,3,987,3138,4125
12956,summer,2016,0,1,1,fair,0.7625,0.729804,0.635833,0.282337,5,1,9,2,433,3363,3796
12957,summer,2016,0,2,1,fair,0.794167,0.739275,0.559167,0.200254,4,0,1,3,407,3596,4003
12958,summer,2016,0,3,1,fair,0.746667,0.689404,0.631667,0.146133,4,0,1,2,446,3594,4040
12959,summer,2016,0,4,1,fair,0.680833,0.635104,0.47625,0.240667,8,0,4,1,508,4196,4704
12960,summer,2016,0,5,1,fair,0.663333,0.624371,0.59125,0.182833,6,0,3,1,730,4220,4950
12961,summer,2016,0,6,0,fair,0.686667,0.638263,0.585,0.208342,6,1,4,0,1321,3505,4826
12962,summer,2016,0,0,0,fair,0.719167,0.669833,0.604167,0.245033,4,0,8,2,1112,3296,4408
12963,summer,2016,0,1,1,fair,0.746667,0.703925,0.65125,0.215804,2,1,4,1,496,3617,4113
12964,summer,2016,0,2,1,fair,0.776667,0.747479,0.650417,0.1306,6,0,5,0,455,3789,4244
12965,summer,2016,0,3,1,fair,0.768333,0.74685,0.707083,0.113817,4,1,5,0,400,3688,4088
12966,summer,2016,0,4,1,cloud,0.815,0.826371,0.69125,0.222021,6,1,6,2,385,3152,3537
12967,summer,2016,0,5,1,fair,0.848333,0.840896,0.580417,0.1331,5,0,9,1,375,2825,3200
12968,summer,2016,0,6,0,fair,0.849167,0.804287,0.5,0.131221,5,1,5,0,628,2298,2926
12969,summer,2016,0,0,0,fair,0.83,0.794829,0.550833,0.169171,3,0,9,2,652,2556,3208
12970,summer,2016,0,1,1,fair,0.743333,0.720958,0.757083,0.0908083,1,0,8,0,365,3272,3637
12971,summer,2016,0,2,1,fair,0.771667,0.696979,0.540833,0.200258,3,1,5,1,452,3840,4292
12972,summer,2016,0,3,1,fair,0.775,0.690667,0.402917,0.183463,4,1,3,1,457,3901,4358
12973,summer,2016,0,4,1,fair,0.779167,0.7399,0.583333,0.178479,3,1,3,3,379,3784,4163
12974,summer,2016,0,5,1,fair,0.838333,0.785967,0.5425,0.174138,5,0,3,3,424,3176,3600
12975,summer,2016,0,6,0,fair,0.804167,0.728537,0.465833,0.168537,3,1,2,3,906,2916,3822
12976,summer,2016,0,0,0,fair,0.805833,0.729796,0.480833,0.164813,2,1,10,3,888,2778,3666
12977,summer,2016,0,1,1,fair,0.771667,0.703292,0.550833,0.156717,5,0,3,2,446,3537,3983
12978,summer,2016,0,2,1,fair,0.783333,0.707071,0.49125,0.20585,5,1,1,2,478,4044,4522
12979,summer,2016,0,3,1,cloud,0.731667,0.679937,0.6575,0.135583,4,1,5,2,300,3107,3407
12980,summer,2016,0,4,1,cloud,0.71,0.664788,0.7575,0.19715,7,1,1,3,456,3777,4233
12981,summer,2016,0,5,1,fair,0.710833,0.656567,0.630833,0.184696,4,0,2,3,585,3843,4428
12982,summer,2016,0,6,0,cloud,0.716667,0.676154,0.755,0.22825,4,1,2,1,864,2773,3637
12983,summer,2016,0,0,0,fair,0.7425,0.715292,0.752917,0.201487,0,1,1,0,763,2487,3250
12984,summer,2016,0,1,1,fair,0.765,0.703283,0.592083,0.192175,6,1,10,0,503,3480,3983
12985,summer,2016,0,2,1,fair,0.775,0.724121,0.570417,0.151121,1,1,3,0,535,3695,4230
12986,summer,2016,0,3,1,fair,0.766667,0.684983,0.424167,0.200258,4,1,8,3,518,3896,4414
12987,summer,2016,0,4,1,fair,0.7175,0.651521,0.42375,0.164796,6,0,5,0,481,3980,4461
12988,summer,2016,0,5,1,fair,0.708333,0.654042,0.415,0.125621,4,1,3,0,611,3854,4465
12989,summer,2016,0,6,0,cloud,0.685833,0.645858,0.729583,0.211454,6,0,8,0,854,2646,3500
12990,summer,2016,0,0,0,cloud,0.676667,0.624388,0.8175,0.222633,5,0,5,0,767,2482,3249
12991,summer,2016,0,1,1,fair,0.665833,0.616167,0.712083,0.208954,7,1,4,3,450,3563,4013
12992,summer,2016,0,2,1,fair,0.700833,0.645837,0.578333,0.236329,2,1,10,0,429,4004,4433
12993,summer,2016,0,3,1,fair,0.723333,0.666671,0.575417,0.143667,0,0,7,3,406,4026,4432
12994,summer,2016,0,4,1,fair,0.711667,0.662258,0.654583,0.233208,6,0,4,1,384,3166,3550
12995,summer,2016,0,5,1,cloud,0.685,0.633221,0.722917,0.139308,3,0,4,3,465,3356,3821
12996,summer,2016,0,6,0,fair,0.6975,0.648996,0.674167,0.104467,5,0,8,2,1072,3277,4349
12997,summer,2016,0,0,0,fair,0.710833,0.675525,0.77,0.248754,8,0,2,0,730,2624,3354
12998,summer,2016,0,1,1,fair,0.691667,0.638254,0.47,0.27675,4,0,4,1,486,3925,4411
12999,summer,2016,0,2,1,fair,0.640833,0.606067,0.455417,0.146763,3,0,5,1,709,4614,5323
13000,summer,2016,0,3,1,fair,0.673333,0.630692,0.605,0.253108,2,0,9,3,534,4181,4715
13001,summer,2016,0,4,1,cloud,0.684167,0.645854,0.771667,0.210833,4,0,1,2,272,3107,3379
13002,summer,2016,0,5,1,fair,0.7,0.659733,0.76125,0.0839625,4,1,2,0,463,3893,4356
13003,summer,2016,0,6,0,cloud,0.68,0.635556,0.85,0.375617,4,0,3,3,200,889,1089
13004,summer,2016,0,0,0,fair,0.707059,0.647959,0.561765,0.304659,5,1,6,3,812,2919,3731
13005,summer,2016,0,1,1,fair,0.636667,0.607958,0.554583,0.159825,1,1,10,3,433,3905,4338
13006,summer,2016,0,2,1,fair,0.639167,0.594704,0.548333,0.125008,6,1,4,3,453,4429,4882
13007,summer,2016,0,3,1,fair,0.656667,0.611121,0.597917,0.0833333,6,1,1,3,411,4370,4781
13008,autumn,2016,0,4,1,fair,0.655,0.614921,0.639167,0.141796,3,1,5,2,464,4332,4796
13009,autumn,2016,0,5,1,cloud,0.643333,0.604808,0.727083,0.139929,5,1,6,2,508,3852,4360
13010,autumn,2016,0,6,0,fair,0.669167,0.633213,0.716667,0.185325,7,0,2,2,1080,2549,3629
13011,autumn,2016,0,0,0,fair,0.709167,0.665429,0.742083,0.206467,5,0,1,2,1375,2419,3794
13012,autumn,2016,1,1,0,cloud,0.673333,0.625646,0.790417,0.212696,5,1,4,3,713,2115,2828
13013,autumn,2016,0,2,1,rain,0.54,0.5152,0.886957,0.343943,4,0,7,1,129,2506,2635
13014,autumn,2016,0,3,1,rain,0.599167,0.544229,0.917083,0.0970208,7,1,6,1,103,1878,1981
13015,autumn,2016,0,4,1,rain,0.633913,0.555361,0.939565,0.192748,1,1,7,0,122,1689,1811
13016,autumn,2016,0,5,1,cloud,0.65,0.578946,0.897917,0.124379,7,0,1,3,274,3127,3401
13017,autumn,2016,0,6,0,fair,0.66,0.607962,0.75375,0.153608,3,1,6,2,990,3595,4585
13018,autumn,2016,0,0,0,fair,0.653333,0.609229,0.71375,0.115054,6,0,2,1,932,3413,4345
13019,autumn,2016,0,1,1,fair,0.644348,0.60213,0.692174,0.088913,7,1,2,2,421,4023,4444
13020,autumn,2016,0,2,1,fair,0.650833,0.603554,0.7125,0.141804,9,1,6,2,419,4062,4481
13021,autumn,2016,0,3,1,fair,0.673333,0.6269,0.697083,0.1673,7,1,10,0,395,4138,4533
13022,autumn,2016,0,4,1,cloud,0.5775,0.553671,0.709167,0.271146,6,1,10,2,263,3231,3494
13023,autumn,2016,0,5,1,cloud,0.469167,0.461475,0.590417,0.164183,4,1,1,2,426,4018,4444
13024,autumn,2016,0,6,0,cloud,0.491667,0.478512,0.718333,0.189675,6,1,3,1,808,3077,3885
13025,autumn,2016,0,0,0,fair,0.5075,0.490537,0.695,0.178483,5,1,9,1,775,2921,3696
13026,autumn,2016,0,1,1,cloud,0.549167,0.529675,0.69,0.151742,3,1,4,1,405,3848,4253
13027,autumn,2016,0,2,1,cloud,0.561667,0.532217,0.88125,0.134954,5,1,9,2,272,3203,3475
13028,autumn,2016,0,3,1,cloud,0.595,0.550533,0.9,0.0964042,1,1,8,0,329,3813,4142
13029,autumn,2016,0,4,1,cloud,0.628333,0.554963,0.902083,0.128125,2,1,1,2,337,4240,4577
13030,autumn,2016,0,5,1,cloud,0.609167,0.522125,0.9725,0.0783667,6,0,4,1,194,2137,2331
13031,autumn,2016,0,6,0,cloud,0.606667,0.564412,0.8625,0.0783833,6,1,9,0,995,3647,4642
13032,autumn,2016,0,0,0,cloud,0.634167,0.572637,0.845,0.0503792,4,1,1,1,882,3466,4348
13033,autumn,2016,0,1,1,cloud,0.649167,0.589042,0.848333,0.1107,2,0,4,2,410,3946,4356
13034,autumn,2016,0,2,1,cloud,0.636667,0.574525,0.885417,0.118171,5,0,1,1,300,3643,3943
13035,autumn,2016,0,3,1,cloud,0.635,0.575158,0.84875,0.148629,6,1,3,1,299,3427,3726
13036,autumn,2016,0,4,1,fair,0.616667,0.574512,0.699167,0.172883,5,0,4,2,391,4186,4577
13037,autumn,2016,0,5,1,fair,0.564167,0.544829,0.6475,0.206475,5,1,7,2,481,4372,4853
13038,autumn,2016,0,6,0,cloud,0.41,0.412863,0.75375,0.292296,3,0,7,2,316,1949,2265
13039,autumn,2016,0,0,0,cloud,0.356667,0.345317,0.791667,0.222013,7,0,4,2,379,2302,2681
13040,autumn,2016,0,1,1,cloud,0.384167,0.392046,0.760833,0.0833458,3,1,4,2,210,3240,3450
13041,autumn,2016,0,2,1,fair,0.484167,0.472858,0.71,0.205854,2,1,9,3,293,3970,4263
13042,autumn,2016,0,3,1,fair,0.538333,0.527138,0.647917,0.17725,0,1,4,3,337,4267,4604
13043,autumn,2016,0,4,1,fair,0.494167,0.480425,0.620833,0.134954,4,0,7,1,377,4126,4503
13044,autumn,2016,0,5,1,fair,0.510833,0.504404,0.684167,0.0223917,6,0,2,3,543,4036,4579
13045,autumn,2016,0,6,0,fair,0.521667,0.513242,0.70125,0.0454042,6,1,7,3,1224,3174,4398
13046,autumn,2016,0,0,0,fair,0.540833,0.523983,0.7275,0.06345,7,0,10,2,1304,3114,4418
13047,autumn,2016,1,1,0,fair,0.570833,0.542925,0.73375,0.0423042,7,1,4,1,860,3603,4463
13048,autumn,2016,0,2,1,cloud,0.566667,0.546096,0.80875,0.143042,3,1,3,2,388,3896,4284
13049,autumn,2016,0,3,1,rain,0.543333,0.517717,0.90625,0.24815,7,1,10,1,139,2199,2338
13050,autumn,2016,0,4,1,cloud,0.589167,0.551804,0.896667,0.141787,6,0,10,1,199,2623,2822
13051,autumn,2016,0,5,1,cloud,0.550833,0.529675,0.71625,0.223883,4,1,5,3,320,3115,3435
13052,autumn,2016,0,6,0,fair,0.506667,0.498725,0.483333,0.258083,9,0,1,0,1048,3318,4366
13053,autumn,2016,0,0,0,fair,0.511667,0.503154,0.486667,0.281717,5,1,6,3,969,3293,4262
13054,autumn,2016,0,1,1,fair,0.534167,0.510725,0.579583,0.175379,3,0,8,2,420,3857,4277
13055,autumn,2016,0,2,1,cloud,0.5325,0.522721,0.701667,0.110087,4,0,2,0,375,4111,4486
13056,autumn,2016,0,3,1,rain,0.541739,0.513848,0.895217,0.243339,9,1,3,1,157,2170,2327
13057,autumn,2016,0,4,1,fair,0.475833,0.466525,0.63625,0.422275,6,1,2,3,271,3724,3995
13058,autumn,2016,0,5,1,fair,0.4275,0.423596,0.574167,0.221396,5,1,2,2,391,3628,4019
13059,autumn,2016,0,6,0,fair,0.4225,0.425492,0.629167,0.0926667,4,0,7,0,848,2809,3657
13060,autumn,2016,0,0,0,fair,0.421667,0.422333,0.74125,0.0995125,6,1,9,1,903,2762,3665
13061,autumn,2016,0,1,1,fair,0.463333,0.457067,0.772083,0.118792,3,0,4,0,407,3488,3895
13062,autumn,2016,0,2,1,fair,0.471667,0.463375,0.622917,0.166658,5,1,6,1,401,3992,4393
13063,autumn,2016,0,3,1,cloud,0.484167,0.472846,0.720417,0.148642,7,0,2,2,247,3490,3737
13064,autumn,2016,0,4,1,cloud,0.47,0.457046,0.812917,0.197763,4,0,3,1,161,2419,2580
13065,autumn,2016,0,5,1,cloud,0.330833,0.318812,0.585833,0.229479,5,0,7,1,266,3291,3557
13066,autumn,2016,0,6,0,rain,0.254167,0.227913,0.8825,0.351371,5,1,3,1,71,570,641
13067,autumn,2016,0,0,0,fair,0.319167,0.321329,0.62375,0.176617,5,0,3,1,523,2446,2969
13068,autumn,2016,0,1,1,fair,0.34,0.356063,0.703333,0.10635,8,0,1,2,225,3307,3532
13069,autumn,2016,0,2,1,fair,0.400833,0.397088,0.68375,0.135571,5,0,6,2,251,3658,3909
13070,autumn,2016,0,3,1,fair,0.3775,0.390133,0.71875,0.0820917,6,0,1,0,231,3816,4047
13071,autumn,2016,0,4,1,fair,0.408333,0.405921,0.702083,0.136817,3,1,1,3,204,3656,3860
13072,autumn,2016,0,5,1,cloud,0.403333,0.403392,0.6225,0.271779,5,1,2,1,277,3576,3853
13073,autumn,2016,0,6,0,fair,0.326667,0.323854,0.519167,0.189062,4,1,3,0,664,2770,3434
13074,autumn,2016,0,0,0,fair,0.348333,0.362358,0.734583,0.0920542,4,0,6,2,561,2697,3258
13075,autumn,2016,0,1,1,fair,0.395,0.400871,0.75875,0.057225,2,1,6,0,242,3662,3904
13076,autumn,2016,0,2,1,fair,0.408333,0.412246,0.721667,0.0690375,7,1,10,1,239,3829,4068
13077,autumn,2016,0,3,1,fair,0.4,0.409079,0.758333,0.0621958,5,1,10,3,199,3804,4003
13078,autumn,2016,0,4,1,cloud,0.38,0.373721,0.813333,0.189067,4,0,9,1,128,2743,2871
13079,autumn,2016,1,5,0,fair,0.324167,0.306817,0.44625,0.314675,6,1,5,0,293,2928,3221
13080,autumn,2016,0,6,0,fair,0.356667,0.357942,0.552917,0.212062,5,0,1,1,722,2792,3514
13081,autumn,2016,0,0,0,fair,0.440833,0.43055,0.458333,0.281721,7,0,1,2,590,2713,3303
13082,autumn,2016,0,1,1,fair,0.53,0.524612,0.587083,0.306596,5,1,4,1,354,3891,4245
13083,autumn,2016,0,2,1,cloud,0.53,0.507579,0.68875,0.199633,5,0,6,1,275,3746,4021
13084,autumn,2016,0,3,1,rain,0.456667,0.451988,0.93,0.136829,6,0,3,3,98,1672,1770
13085,autumn,2016,0,4,1,cloud,0.341667,0.323221,0.575833,0.305362,4,0,7,3,95,2914,3009
13086,autumn,2016,0,5,1,fair,0.274167,0.272721,0.41,0.168533,3,0,1,3,166,3147,3313
13087,autumn,2016,0,6,0,fair,0.329167,0.324483,0.502083,0.224496,4,1,2,0,556,2720,3276
13088,autumn,2016,0,0,0,cloud,0.463333,0.457058,0.684583,0.18595,5,1,1,3,479,2733,3212
13089,autumn,2016,0,1,1,rain,0.4475,0.445062,0.91,0.138054,5,0,2,1,142,2545,2687
13090,autumn,2016,0,2,1,rain,0.416667,0.421696,0.9625,0.118792,6,0,1,2,58,1538,1596
13091,autumn,2016,0,3,1,cloud,0.440833,0.430537,0.757917,0.335825,7,0,5,3,84,2454,2538
13092,autumn,2016,1,4,0,fair,0.373333,0.372471,0.549167,0.167304,6,0,3,3,353,935,1288
13093,autumn,2016,0,5,1,fair,0.375,0.380671,0.64375,0.0988958,8,1,2,1,601,1697,2298
13094,autumn,2016,0,6,0,fair,0.375833,0.385087,0.681667,0.0684208,2,0,2,1,718,1819,2537
13095,autumn,2016,0,0,0,fair,0.459167,0.4558,0.698333,0.208954,6,0,6,3,494,2261,2755
13096,autumn,2016,0,1,1,fair,0.503478,0.490122,0.743043,0.142122,5,0,3,3,184,3614,3798
13097,autumn,2016,0,2,1,cloud,0.458333,0.451375,0.830833,0.258092,2,1,6,0,87,2818,2905
13098,autumn,2016,0,3,1,fair,0.325,0.311221,0.613333,0.271158,5,1,5,1,126,3425,3551
13099,winter,2016,0,4,1,fair,0.3125,0.305554,0.524583,0.220158,8,0,3,0,113,3545,3658
13100,winter,2016,0,5,1,fair,0.314167,0.331433,0.625833,0.100754,5,0,1,1,168,3672,3840
13101,winter,2016,0,6,0,fair,0.299167,0.310604,0.612917,0.0957833,4,1,9,3,423,2908,3331
13102,winter,2016,0,0,0,fair,0.330833,0.3491,0.775833,0.0839583,5,0,2,1,386,2851,3237
13103,winter,2016,0,1,1,cloud,0.385833,0.393925,0.827083,0.0622083,3,0,5,3,146,3578,3724
13104,winter,2016,0,2,1,rain,0.4625,0.4564,0.949583,0.232583,6,1,7,0,74,2468,2542
13105,winter,2016,0,3,1,rain,0.41,0.400246,0.970417,0.266175,8,0,6,3,22,655,677
13106,winter,2016,0,4,1,fair,0.265833,0.256938,0.58,0.240058,2,0,5,1,91,3172,3263
13107,winter,2016,0,5,1,fair,0.290833,0.317542,0.695833,0.0827167,1,1,7,0,164,3359,3523
13108,winter,2016,0,6,0,fair,0.275,0.266412,0.5075,0.233221,2,0,4,3,312,2688,3000
13109,winter,2016,0,0,0,fair,0.220833,0.253154,0.49,0.0665417,4,1,5,3,253,2366,2619
13110,winter,2016,0,1,1,fair,0.238333,0.270196,0.670833,0.06345,6,0,7,2,95,3167,3262
13111,winter,2016,0,2,1,fair,0.2825,0.301138,0.59,0.14055,6,1,7,3,98,3368,3466
13112,winter,2016,0,3,1,cloud,0.3175,0.338362,0.66375,0.0609583,5,0,3,0,112,3562,3674
13113,winter,2016,0,4,1,cloud,0.4225,0.412237,0.634167,0.268042,6,0,2,3,110,3528,3638
13114,winter,2016,0,5,1,cloud,0.375,0.359825,0.500417,0.260575,7,1,3,0,117,3399,3516
13115,winter,2016,0,6,0,cloud,0.258333,0.249371,0.560833,0.243167,3,1,1,1,192,2464,2656
13116,winter,2016,0,0,0,fair,0.238333,0.245579,0.58625,0.169779,8,1,2,1,169,2211,2380
13117,winter,2016,0,1,1,fair,0.276667,0.280933,0.6375,0.172896,3,1,5,1,154,3143,3297
13118,winter,2016,0,2,1,cloud,0.385833,0.396454,0.595417,0.0615708,3,0,4,0,141,3534,3675
13119,winter,2016,0,3,1,cloud,0.428333,0.428017,0.858333,0.2214,3,1,9,1,74,2553,2627
13120,winter,2016,0,4,1,cloud,0.423333,0.426121,0.7575,0.047275,6,0,4,3,143,2841,2984
13121,winter,2016,0,5,1,fair,0.373333,0.377513,0.68625,0.274246,6,1,6,1,110,2046,2156
13122,winter,2016,0,6,0,fair,0.3025,0.299242,0.5425,0.190304,6,1,1,1,144,856,1000
13123,winter,2016,0,0,0,fair,0.274783,0.279961,0.681304,0.155091,8,0,9,1,213,451,664
13124,winter,2016,1,1,0,fair,0.321739,0.315535,0.506957,0.239465,8,0,5,1,271,887,1158
13125,winter,2016,0,2,1,cloud,0.325,0.327633,0.7625,0.18845,3,1,10,1,67,1059,1126
13126,winter,2016,0,3,1,fair,0.29913,0.279974,0.503913,0.293961,4,0,1,0,144,2047,2191
13127,winter,2016,0,4,1,fair,0.248333,0.263892,0.574167,0.119412,5,0,3,3,145,2169,2314
13128,winter,2016,0,5,1,fair,0.311667,0.318812,0.636667,0.134337,4,0,6,0,278,2508,2786
13129,winter,2016,0,6,0,fair,0.41,0.414121,0.615833,0.220154,5,0,9,3,405,1820,2225
